RouteName,State,CentroidLat,CentroidLng,LengthMiles,AgencyTags
A1A Ocean Shore Scenic Highway,Florida,29.472546,-81.123682,6.8,STATE
A1A River to Sea Trail,Florida,29.591559,-81.185677,11.8,STATE
A1A Scenic & Historic Coastal Byway,Florida,29.839795,-81.266000,65.1,NSB
Abo Pass Trail,New Mexico,34.489728,-106.519969,37.5,STATE
Accommodation Line Scenic Byway,Ohio,39.567551,-84.038187,7.9,STATE
Adirondack Trail,New York,43.886637,-74.339976,178.4,STATE
Alaska Railroad,Alaska,62.764044,-149.162344,493.8,STATE
Alaska's Marine Highway,Alaska,57.889613,-146.782459,2876.0,"NSB, STATE"
Alligator River Route,North Carolina,35.805572,-76.063385,73.6,STATE
Alpine Loop National Back Country Byway,Colorado,37.946544,-107.480627,65.9,BLM
Altamaha Historic Scenic Byway,Georgia,31.426308,-81.392121,10.2,STATE
Amish Country Byway,Ohio,40.550604,-81.924360,78.7,"NSB, STATE"
Ancient Bristlecone Scenic Byway (Route 168),California,37.336514,-118.195841,35.6,"USFS, STATE"
Angel Lake Road,Nevada,41.055313,-115.034396,11.6,STATE
Angeles Crest Scenic Byway (Route 2),California,34.318073,-117.954045,56.7,"USFS, STATE"
Antietam Campaign Scenic Byway,Maryland / Pennsylvania / Virginia,39.454205,-77.562782,96.6,STATE
Apache Trail Historic Road,Arizona,33.549340,-111.331414,40.7,"USFS, STATE"
Apalachee Savannahs Scenic Byway,Florida,30.111192,-85.023209,32.2,USFS
Appalachian Medley,North Carolina,35.777106,-82.858378,42.4,STATE
Apple Blossom Scenic Drive,Minnesota,43.901230,-91.387709,15.8,STATE
Arkansas Scenic 7 Byway,Arkansas / Louisiana,34.784223,-93.014119,312.7,"USFS, STATE"
Arroyo Seco Historic Parkway - Route 110,California,34.102465,-118.190893,9.4,"NSB, STATE"
Ashley River Road,South Carolina,32.893836,-80.125435,12.2,"NSB, STATE"
Attakapas-Coushatta Scenic Byway,Louisiana / Texas,30.814493,-93.461451,23.1,STATE
"Avenue of Pines - TH 46, Deer River to Northome",Minnesota,47.567723,-94.085237,47.5,"USFS, STATE"
Back Mountain Backway,West Virginia,38.557154,-79.839882,2.3,STATE
Badlands Loop Scenic Byway,South Dakota,43.820874,-102.082208,38.0,STATE
Barbour County Governor's Trail,Alabama,31.842724,-85.397787,38.2,STATE
Barrel Springs Back Country Byway,California,41.698965,-120.136837,44.6,BLM
Bayou Teche Scenic Byway,Louisiana,29.995963,-91.668020,301.9,STATE
Bear Lake Scenic Byway,Utah,41.882187,-111.367223,10.0,STATE
Beartooth Highway,Montana / Wyoming,45.004109,-109.568123,68.3,"NSB, USFS"
Beaver Canyon Scenic Byway (U-153),Utah,38.270900,-112.540349,13.5,"USFS, STATE"
Bicentennial Highway,Utah,37.796557,-110.188357,121.3,STATE
Bienville Trace Scenic Byway,Arkansas / Louisiana,32.424876,-91.781941,570.1,STATE
Big Bend Scenic Byway,Florida,30.071345,-84.558473,192.2,STATE
Big Bone Lick Scenic Byway,Kentucky,38.932645,-84.798355,18.8,STATE
Big Cottonwood Canyon Scenic Byway,Utah,40.632691,-111.681857,13.5,"USFS, STATE"
Big Sheep Creek Back Country Byway,Montana,44.709012,-112.913194,55.5,BLM
Big Sky Back Country Byway,Montana,47.411467,-105.573746,116.0,BLM
Big Spring Scenic Backway,Wyoming,42.100741,-110.735293,64.7,STATE
Big Walker Mountain Scenic Byway,Virginia,37.022205,-81.168513,21.6,USFS
Bigfoot Scenic Byway,California,41.361799,-123.560225,81.6,USFS
Bighorn Scenic Byway,Wyoming,44.683627,-107.517804,51.5,"USFS, STATE"
Billy the Kid Trail,New Mexico,33.438742,-105.513983,84.2,"OTHER, NSB, STATE"
Birkhead Wilderness Route,North Carolina,35.576376,-79.934083,13.4,STATE
Bitter Springs Back Country Byway,Nevada,36.436605,-114.609866,22.4,BLM
Black Hills Back Country Byway,Arizona,32.916071,-109.345308,20.9,BLM
Black Mountain Rag,North Carolina,35.489105,-82.275235,28.7,STATE
Black River Scenic Byway,Michigan,46.594779,-90.079432,11.2,USFS
Black River Trail,New York,43.954545,-75.387184,124.7,STATE
Blue Buck Knob Scenic Byway,Missouri,36.942179,-92.096166,22.3,USFS
Blue Mountain Scenic Byway,Oregon,45.267947,-119.275891,133.5,"USFS, STATE"
Blue Ridge Parkway,North Carolina / Virginia,36.540151,-81.038128,467.2,"NSB, USFS, NPS"
Blue Route,Pennsylvania,39.996688,-75.339727,20.7,STATE
Blue-Gray Scenic Byway,North Carolina,35.230391,-77.921584,83.4,STATE
Boone Creek Scenic Byway,Kentucky,37.950017,-84.366492,3.1,STATE
Bradenton Beach Scenic Highway,Florida,27.406325,-82.653510,13.7,STATE
Bradshaw Trail,California,33.477439,-115.172380,55.8,BLM
Brandywine Valley Scenic Byway,Delaware / Pennsylvania,39.870476,-75.618349,38.7,"NSB, STATE"
Brian Head-Panguitch Lake Scenic Byway (U-143),Utah,37.724463,-112.689756,47.0,"USFS, STATE"
Bridges to Buttes Byway,Nebraska / Wyoming,42.806409,-102.309824,197.2,STATE
Brunswick Town Road,North Carolina,34.055055,-77.955342,3.8,STATE
Buckhorn Back Country Byway,California / Nevada,40.875814,-120.059115,44.3,BLM
Bucktail Trail,Pennsylvania,41.352349,-78.054291,103.4,STATE
Buffalo Bill Cody Scenic Byway,Wyoming,44.468184,-109.769403,27.2,"USFS, STATE"
Bull Creek Pass National Back Country Byway,Utah,37.583188,-110.498112,91.8,"BLM, STATE"
California Trail Back Country Byway,California / Nevada,40.351343,-117.678376,379.9,BLM
Camp Allegheny Backway,West Virginia,38.500319,-79.734638,10.1,STATE
Cape Flattery Tribal Scenic Byway,Washington,48.334733,-124.534603,34.1,STATE
Capitol Reef Country Scenic Byway,Utah,38.328844,-111.193146,64.8,STATE
Carson Pass Highway (Route 88),California,38.597708,-120.250316,57.7,"USFS, STATE"
Cascade Lakes Scenic Byway,Oregon,43.840340,-121.722595,69.1,"USFS, NSB, STATE"
Cascade Loop,Washington,48.140478,-121.225414,425.4,OTHER
Cascade Valleys Heritage Corridor,Washington,47.620813,-121.984971,29.7,STATE
Catoctin Mountain Scenic Byway,Maryland / Virginia,39.499288,-77.427740,37.7,NSB
Cayuga Lake Scenic Byway,New York,42.688000,-76.658648,86.9,STATE
Cedar Breaks Scenic Byway (U-148),Utah,37.613566,-112.834645,7.6,"USFS, STATE"
Central Adirondack Trail,New York,43.602672,-74.574990,150.2,STATE
Chain of Craters Back Country Byway,New Mexico,34.838664,-108.139257,32.3,"BLM, STATE"
Chain of Craters Road,Hawaii,19.334267,-155.160331,21.0,NPS
Chan SanSan Backway,North Dakota,46.503521,-98.458045,25.3,"STATE, STATE"
Charles Street,Maryland,39.341587,-76.621599,11.3,STATE
Charleston-Bandon Loop Tour Route,Oregon,43.261311,-124.367221,24.8,STATE
Cheat Mountain Backway,West Virginia,38.617881,-79.881351,3.0,STATE
Cheat River Byway,West Virginia,39.389535,-79.685675,14.1,STATE
Cherohala Skyway,North Carolina / Tennessee,35.342787,-84.081668,42.4,"USFS, NSB"
Cherokee Foothills Scenic Highway,South Carolina,34.985651,-82.493433,121.0,"NSB, STATE"
Chesapeake Country Scenic Byway,Maryland,39.188150,-76.066459,84.5,"NSB, STATE"
Chief Joseph Scenic Highway,Wyoming,44.794699,-109.457533,46.4,STATE
Chimney Peak Back Country Byway,California,35.835143,-118.079120,34.8,BLM
Chinook Scenic Byway,Washington,46.970579,-121.360060,96.9,"NSB, USFS, STATE"
Christmas Valley Back Country Byway,Oregon,43.282071,-120.761516,61.5,BLM
Chuckanut Drive,Washington,48.607262,-122.436217,23.7,STATE
City of Rocks Back Country Byway,Idaho,42.196322,-113.649341,48.7,BLM
Cliff Drive,Missouri,39.116557,-94.537809,4.4,STATE
Cloud Peak Skyway,Wyoming,44.184351,-107.070092,47.4,"USFS, STATE"
Coal Heritage Trail,West Virginia,37.509859,-81.412027,89.0,"NSB, STATE"
Cohutta-Chattahoochee Scenic Byway,Georgia,34.851342,-84.753833,45.4,STATE
Collegiate Peaks Byway,Colorado,38.732223,-106.110697,55.6,STATE
Colonial Heritage Byway,North Carolina,36.348446,-79.315601,79.5,STATE
Colonial Parkway,Virginia,37.250737,-76.654150,22.5,"NSB, NPS, STATE"
Colonial Trails Scenic Byway,Louisiana / Texas,31.487703,-92.336078,662.5,STATE
Colorado River Headwaters Byway,Colorado,40.049857,-106.236575,68.3,"NSB, STATE"
Columbia River Gorge Scenic Byway - Washington,Washington,45.664343,-121.593923,84.6,STATE
Connecticut River Byway,New Hampshire / Vermont,44.081452,-71.981994,495.5,NSB
Connecticut River Scenic Farm Byway,Massachusetts,42.505703,-72.543159,13.2,STATE
Connecticut State Route 169,Connecticut,41.805354,-71.975005,33.0,NSB
Copper Country Trail,Michigan,47.329334,-88.271075,46.6,"NSB, STATE"
Cordell Hull Highway,Kentucky / Tennessee,36.912494,-85.861028,56.2,STATE
Coronado Trail Scenic Byway,Arizona,33.599052,-109.288764,109.8,"USFS, NSB, STATE"
Corrales Road,New Mexico,35.237821,-106.615329,6.7,STATE
Cottage Grove Covered Bridge Tour Route,Oregon,43.773757,-122.946383,21.5,STATE
Coulee Corridor Scenic Byway,Washington,47.714017,-119.232133,151.7,"NSB, STATE"
Country Music Highway,Kentucky,37.714421,-82.649831,145.3,"NSB, STATE"
Covered Bridge Scenic Byway,Ohio,39.554336,-81.238977,46.1,USFS
Cow Creek Tour Route,Oregon,42.848347,-123.492162,44.7,"BLM, STATE"
Cranberry Coast Scenic Byway,Washington,46.901039,-123.972955,23.6,STATE
Creole Nature Trail,Louisiana / Texas,29.892863,-93.244656,174.6,"NSB, STATE"
Crowders Mountain Drive,North Carolina,35.211574,-81.303857,7.9,STATE
Crowley's Ridge Parkway,Arkansas / Missouri,35.665277,-90.563212,219.7,NSB
Cumberland Cultural Heritage Highway,Kentucky,37.178271,-84.998156,182.5,STATE
Dalton Highway,Alaska,67.587070,-149.538607,422.7,STATE
Dead Horse Point Mesa Scenic Byway,Utah,38.517460,-109.793039,41.4,STATE
Death Valley Scenic Byway,California,36.453613,-117.124129,86.3,"NSB, STATE"
Delaware Crossing Scenic Byway,Iowa,42.407178,-91.342273,36.2,STATE
Delaware River Scenic Byway,New Jersey,40.387210,-74.974776,25.5,STATE
Des Lacs National Wildlife Refuge Backway,North Dakota,48.693776,-102.082123,40.2,STATE
Devil's Stompin' Ground Road,North Carolina,35.605098,-79.404732,33.5,STATE
Diamond Loop Back Country Byway,Oregon,43.077049,-118.771214,128.8,BLM
"Dine' Tah ""Among the People"" Scenic Road",Arizona,35.551759,-109.092859,32.3,STATE
Dinosaur Diamond Prehistoric Highway,Colorado / Utah,39.547663,-109.659534,450.0,NSB
Driftless Area Scenic Byway,Iowa,43.276470,-91.345359,94.0,STATE
Drovers Road,North Carolina,35.483988,-82.347363,10.7,STATE
Drovers' Trail Scenic Byway,Ohio / West Virginia,40.003263,-80.996955,40.0,STATE
Dry Cimarron Scenic Byway,Colorado / New Mexico,36.814408,-103.558034,224.4,STATE
Dry Creek Scenic Road,Arizona,34.787872,-111.952056,30.0,STATE
Dude Ranch Trail,New York,43.409460,-73.813783,37.5,STATE
Duncan Hines Scenic Road,Kentucky,37.155773,-86.236577,86.0,STATE
East Steens Tour Route,Oregon,43.028777,-118.538061,129.9,STATE
Ebbetts Pass Scenic Byway,California,38.474955,-120.004802,62.7,"NSB, STATE"
Edenton-Windsor Loop,North Carolina,35.970733,-76.728795,77.2,STATE
Edge of the Wilderness,Minnesota,47.532337,-93.626010,46.9,"USFS, NSB, STATE"
El Camino Real,New Mexico,33.982155,-106.740737,387.2,"NSB, STATE"
Elk River Backcountry Byway,Idaho,46.685719,-116.218391,54.3,STATE
Elkhorn Scenic Byway,Oregon,44.843849,-118.119658,110.4,"USFS, STATE"
Emigrant Trail,California / Oregon,41.630337,-120.754181,124.5,USFS
Enchanted Circle Scenic Byway,New Mexico,36.547340,-105.459242,83.9,"USFS, STATE"
Extraterrestrial Highway,Nevada,37.775831,-115.824473,98.8,STATE
Falls Road,Maryland,39.479335,-76.706634,26.5,STATE
Farm Heritage Road,West Virginia,37.547887,-80.591054,54.8,STATE
Feather River Scenic Byway,California,39.863008,-120.925594,126.8,USFS
Fishlake Scenic Byway (U-25),Utah,38.546456,-111.734313,16.4,"USFS, STATE"
Flaming Gorge - Green River Basin Scenic Byway,Utah / Wyoming,41.250969,-109.420288,95.3,STATE
Flaming Gorge-Uintas Scenic Byway,Utah,40.801157,-109.537210,80.3,"USFS, NSB, STATE"
Flat Tops Trail Scenic Byway,Colorado,40.092169,-107.378579,80.6,"USFS, STATE"
Flint Hill Ramble,North Carolina,35.480891,-79.930408,6.6,STATE
Flint Hills Scenic Byway,Kansas,38.345658,-96.554574,47.2,"NSB, STATE"
Florida Keys Scenic Highway,Florida,24.819028,-80.986609,115.1,STATE
Football Road,North Carolina,35.935636,-79.439608,44.1,STATE
Forest Heritage Scenic Byway,North Carolina,35.334116,-82.850601,63.5,"USFS, STATE"
Fort Churchill to Wellington Back Country Byway,Nevada,39.116626,-119.439925,68.9,BLM
Fort Henry Historic Byway,Idaho,44.254727,-111.737824,76.8,STATE
Fredonia-Vermillion Cliffs Scenic Road,Arizona,36.771285,-111.926478,109.4,STATE
French Broad Overview,North Carolina,35.742820,-82.641418,17.0,STATE
From the Desert to Tall Pines Scenic Road,Arizona,33.959325,-110.924733,73.9,"USFS, STATE"
Frontier Military Scenic Byway,Kansas,38.228193,-94.727303,173.2,STATE
Frontier Pathways Scenic and Historic Byway,Colorado,38.134802,-105.032555,92.7,"NSB, STATE"
Galice to Hellgate Back Country Byway,Oregon,42.543644,-123.569478,27.5,BLM
Garnet Back Country Byway,Montana,46.848399,-113.384142,13.8,BLM
Gateway to Amish Country,Ohio,40.411588,-82.267093,24.0,STATE
George Washington Memorial Parkway,District of Columbia / Virginia,38.845258,-77.078255,26.3,NSB
Geronimo Trail Scenic Byway,New Mexico,33.171592,-107.605890,145.8,"NSB, STATE"
Gila-Pinal Scenic Road,Arizona,33.309477,-111.100039,31.1,STATE
Glacial Hills Scenic Byway,Kansas,39.631074,-95.107319,63.5,STATE
Glacial Ridge Trail Scenic Byway,Minnesota,45.466839,-95.190819,227.5,STATE
Glade Top Trail,Missouri,36.714696,-92.766980,23.2,USFS
Glenn Highway,Alaska,61.737501,-148.176846,152.4,"NSB, STATE"
Gold Belt Tour Scenic and Historic Byway,Colorado,38.615682,-105.227258,131.2,"NSB, BLM, STATE"
Gold Butte Back Country Byway,Nevada,36.478549,-114.200123,56.5,BLM
Gold Rush Byway,Nebraska / South Dakota,42.013601,-103.016060,160.4,STATE
Gold Rush Historic Byway,Idaho,46.448761,-115.948832,42.3,STATE
Governor Casey Byway,Pennsylvania,41.498177,-75.537020,14.9,STATE
Grand Gulf - Raymond Scenic Byway,Mississippi,32.101216,-90.615045,53.9,STATE
Grand Mesa Scenic and Historic Byway,Colorado,39.060068,-108.086991,61.0,"USFS, NSB, STATE"
Grand Rounds Scenic Byway,Minnesota,44.960472,-93.271888,43.1,"NSB, STATE"
Grand View Scenic Byway,Pennsylvania,40.434829,-80.010804,2.1,STATE
Grande Tour Route,Oregon,45.133530,-117.838895,106.2,STATE
Grant Wood Scenic Byway,Iowa,42.109364,-90.786156,73.4,STATE
Grassy Island Crossing,North Carolina,35.097227,-79.977815,26.4,STATE
Grave Creek to Marial Back Country Byway,Oregon,42.656534,-123.632424,57.2,BLM
Great Divide Highway,Wisconsin,46.121177,-90.927528,27.4,USFS
Great River Road,Arkansas / Illinois / Iowa / Louisiana / Minnesota / Mississippi / Missouri / Wisconsin,40.925020,-91.598856,2129.6,NSB
Great River Road - Kentucky,Kentucky / Tennessee,36.730438,-89.152186,50.7,"OTHER, STATE"
Great River Road - Louisiana,Louisiana,30.113113,-90.622880,268.3,"OTHER, STATE"
Great River Road - Mississippi,Mississippi / Tennessee,33.285428,-90.757649,294.1,OTHER
Great River Road - Missouri,Arkansas / Missouri,38.300873,-90.396727,405.9,OTHER
Great River Road - Tennessee,Tennessee,35.756772,-89.673195,136.7,OTHER
Green Mountain Scenic Byway,Florida,28.604552,-81.695439,13.6,STATE
Guadalupe Back Country Byway,New Mexico,32.368363,-104.543693,31.7,"BLM, BLM"
Guanella Pass Road,Colorado,37.295810,-104.898573,76.6,"USFS, STATE"
Gunflint Trail - Grand Marais to Saganaga Lake,Minnesota,48.000627,-90.517776,53.9,STATE
Gypsum Hills Scenic Byway,Kansas,37.280219,-98.956273,40.8,STATE
Haines Highway,Alaska,59.367375,-135.888923,39.4,STATE
Hanging Rock Scenic Byway,North Carolina,36.458821,-80.366578,39.0,STATE
Harquahala Mountain Back Country Byway,Arizona,33.762923,-113.327471,7.6,BLM
Harriet Tubman Underground Railroad,Maryland,38.684159,-75.929474,60.2,STATE
Hells Canyon Scenic Byway,Oregon,45.167731,-117.334250,200.0,"NSB, USFS, STATE"
Hells Canyon Scenic Byway - Idaho,Idaho / Oregon,45.105091,-116.770750,21.8,STATE
Heritage Corridors of Bath,Ohio,41.173827,-81.637788,37.6,STATE
Heritage Drive,Wisconsin,45.878572,-89.052769,17.3,USFS
Heritage Highway,Nebraska,40.197077,-97.737948,239.5,STATE
High Desert Discovery Scenic Byway,Oregon,42.876002,-118.916535,108.4,STATE
High Peaks Scenic Byway (NYS Route 73),New York,44.202566,-73.819942,29.2,STATE
High Plateau Scenic Byway,Pennsylvania,41.190687,-77.866881,31.5,STATE
High Road to Taos,New Mexico,36.109395,-105.767031,56.3,STATE
Highland Scenic Highway,West Virginia,38.247534,-80.320693,48.0,"USFS, NSB, STATE"
Highlands Scenic Byway,Virginia,37.847606,-79.631115,18.2,USFS
Highway 75- King of Trails Scenic Byway,Minnesota,46.314827,-96.567876,411.0,STATE
Highway 93,Nevada,38.084476,-114.650494,148.9,STATE
Historic Bluff Country Scenic Byway,Minnesota,43.733505,-91.967463,87.2,"NSB, STATE"
Historic Columbia River Highway,Oregon,45.599609,-121.811049,39.7,"NSB, USFS, STATE"
Historic Hills Scenic Byway,Iowa,40.757998,-92.162677,84.2,STATE
Historic National Road - Illinois,Illinois,39.024125,-88.873289,161.3,"NSB, STATE"
Historic National Road - Indiana,Illinois / Indiana,39.693159,-86.182337,149.7,NSB
Historic National Road - Maryland,Maryland / Pennsylvania,39.555947,-77.971159,170.5,"NSB, STATE"
Historic National Road - Ohio,Indiana / Ohio,39.957117,-82.781637,229.4,"NSB, STATE"
Historic National Road - Pennsylvania,Pennsylvania / West Virginia,39.978504,-79.903674,80.3,"NSB, STATE, STATE"
Historic National Road - West Virginia,West Virginia,40.073842,-80.631675,15.8,NSB
Historic Piedmont Scenic Byway,Georgia,33.324428,-83.077634,58.9,STATE
Historic Route 66,Arizona / California / Illinois / New Mexico / Texas,36.612229,-102.909439,1407.1,NSB
Historic Route 66 - OK,Kansas / Oklahoma / Texas,35.855904,-97.203120,376.9,STATE
Horses and Hounds Scenic Byway,Maryland,39.558514,-76.674546,57.7,STATE
Illinois River Road,Illinois,40.891286,-89.518223,293.5,NSB
Indian Canyon Scenic Byway,Utah,39.943241,-110.650045,43.6,STATE
Indian Creek Corridor Scenic Byway,Utah,38.091850,-109.586965,40.8,STATE
Indian Heritage Trail,North Carolina,35.121357,-79.835917,18.8,STATE
Indian Lakes Scenic Byway,North Carolina,35.407057,-83.787579,50.8,STATE
Indian River Lagoon Scenic Highway,Florida,28.226043,-80.622648,163.2,"NSB, STATE"
International Selkirk Loop,Idaho / Washington,48.523109,-116.885263,161.7,NSB
Interstate 185,Georgia,32.715258,-84.966426,52.8,STATE
Iowa Valley Scenic Byway,Iowa,41.859022,-92.215988,77.6,STATE
Jacinto Reyes Scenic Byway (Route 33),California,34.567813,-119.304086,36.7,"USFS, STATE"
Jacob's Ladder Trail (Route 20),Massachusetts,42.256694,-73.024418,30.0,STATE
Jean Lafitte Scenic Byway,Louisiana,29.973308,-92.364935,174.2,STATE
Jefferson County Scenic Byway,Ohio,40.189201,-80.773938,12.5,STATE
Jefferson Township Scenic Byway,Ohio,40.036188,-82.821064,14.1,STATE
Jemez Mountain Trail,New Mexico,35.795846,-106.698906,122.7,"NSB, STATE"
"Jerome, Clarkdale, and Cottonwood Historic Road",Arizona,34.752214,-112.059628,10.7,STATE
Joshua Forest Scenic Road,Arizona,34.386401,-113.239908,50.3,STATE
Journey Through Time Scenic Byway,Oregon,44.808371,-119.591955,278.6,STATE
Kaibab Plateau-North Rim Parkway,Arizona,36.461671,-112.136151,42.6,"USFS, NSB, STATE"
Kayenta-Monument Valley Scenic Road,Arizona / Utah,36.859540,-110.231299,21.9,STATE
Killdeer Four Bears Scenic Byway,North Dakota,47.517269,-102.788991,28.5,STATE
Kings Canyon Scenic Byway,California,36.781834,-118.881498,49.2,USFS
Kings Hill Scenic Byway,Montana,46.940371,-110.811501,71.4,USFS
Kinzua Bridge Byway,Pennsylvania,41.760510,-78.572969,9.4,STATE
Kolob Fingers Road Scenic Byway,Utah,37.454205,-113.201803,5.2,STATE
Kolob Reservoir Road,Utah,37.465166,-113.071218,59.5,STATE
La Frontera del Llano Byway,New Mexico,35.800555,-103.904988,93.5,STATE
Ladyslipper Scenic Byway,Minnesota,47.549946,-94.510389,26.3,"USFS, STATE"
Lafayette's Tour,North Carolina,36.353616,-77.325331,162.8,STATE
Lake Champlain Byway - Vermont,Vermont,44.507257,-73.196468,39.8,STATE
Lake Coeur d'Alene Scenic Byway,Idaho,47.529795,-116.753286,35.0,STATE
Lake Country Scenic Byway,Minnesota,46.945774,-95.182324,88.5,STATE
Lake Erie Coastal Ohio Trail,Michigan / Ohio / Pennsylvania,41.619058,-82.308164,273.8,"NSB, STATE"
Lake Koocanusa Scenic Byway,Montana,48.613031,-115.282787,68.9,USFS
Lake Sunapee Scenic Byway,New Hampshire,43.363758,-72.031013,22.0,STATE
Lake Tahoe - Eastshore Drive,California / Nevada,39.117327,-119.937187,26.4,"NSB, STATE"
Lake Valley Back Country Byway,New Mexico,32.822021,-107.500291,46.5,"BLM, BLM"
Lake Wilhelm Scenic Byway,Pennsylvania,41.397672,-80.119647,7.3,STATE
Lakes to Locks Passage,New York,43.917916,-73.474591,180.9,NSB
Lakeview to Steens Mountains Back Country Byway,Oregon,42.681165,-119.390836,154.6,BLM
Lamoille Canyon Road,Nevada,40.661253,-115.426399,12.1,"USFS, STATE"
Land of the Cross-Tipped Churches Scenic Byway,Ohio,40.421979,-84.570171,38.5,STATE
Lariat Loop Scenic and Historic Byway,Colorado,39.685475,-105.273016,42.2,STATE
Las Vegas Strip,Nevada,36.117029,-115.169242,4.1,"NSB, STATE"
Lassen Scenic Byway,California,40.429242,-121.233732,171.4,USFS
Laurel Highlands Scenic Byway,Pennsylvania,40.076788,-79.351571,69.0,STATE
Lee Vining Canyon Scenic Byway,California,37.938550,-119.196121,12.0,USFS
Lee's Retreat,Virginia,37.218286,-78.128401,93.1,STATE
Lewis & Clark Scenic Byway,Nebraska,41.986628,-96.302256,77.8,STATE
Lewis and Clark Back Country Byway,Idaho,45.003934,-113.531773,37.2,"BLM, STATE"
Lewis and Clark Trail Highway,Washington,46.053841,-120.519229,538.9,STATE
Lincoln Highway,Illinois / Indiana,41.768502,-88.801262,175.5,"NSB, STATE"
Little Cottonwood Canyon Scenic Byway,Utah,40.578821,-111.684301,10.7,"USFS, STATE"
Little Dixie Highway of the Great River Road,Missouri,39.491348,-91.116603,34.4,"NSB, STATE"
Little Kanawha Parkway,West Virginia,38.974919,-81.105265,77.1,STATE
Little Parkway,North Carolina,36.108653,-81.772545,17.9,STATE
Loess Hills Scenic Byway,Iowa,41.746723,-95.967450,223.0,"NSB, NPS, STATE"
Logan Canyon Scenic Byway,Utah,41.861590,-111.577933,36.8,"USFS, NSB, STATE"
Longhouse Scenic Byway,Pennsylvania,41.825588,-78.900073,29.4,USFS
Longleaf Trail Scenic Byway,Louisiana,31.486247,-93.071337,17.3,"USFS, STATE"
Los Caminos Antiguos,Colorado,37.301939,-105.835615,148.6,"BLM, STATE"
Lost Gold Trails Loop,Idaho,44.281174,-112.096014,52.7,STATE
Loup Rivers Scenic Byway,Nebraska,41.572723,-99.137284,141.2,STATE
Lovelock Cave Back Country Byway,Nevada,40.075015,-118.452777,20.4,BLM
Lower Crooked River Back Country Byway,Oregon,44.082487,-120.785664,44.9,BLM
Lower Deschutes River Back Country Byway,Oregon,45.202448,-121.063532,21.0,BLM
Lower Mississippi Great River Road,Louisiana / Mississippi,31.778829,-91.116192,143.0,NSB
Lower Susquehanna Scenic Byway,Maryland,39.603916,-76.141682,27.1,STATE
Lunar Crater Back Country Byway,Nevada,38.195583,-116.614355,76.3,BLM
Markaguant High Plateau Scenic Byway (U-14),Utah,37.565549,-112.794260,40.5,"USFS, STATE"
Mason and Dixon Byway,Maryland,39.683939,-76.198900,53.5,STATE
Maumee Valley Scenic Byway,Ohio,41.488687,-83.785491,43.4,STATE
McKenzie Pass-Santiam Pass Scenic Byway,Oregon,44.305356,-121.847575,84.2,"USFS, NSB, STATE"
Medicine Wheel Passage,Wyoming,44.777870,-107.772454,29.5,"USFS, STATE"
Meeting of the Great Rivers Scenic Route,Illinois,38.931790,-90.327577,35.3,"NSB, STATE"
Meriwether-Pike Scenic Byway,Georgia,32.980832,-84.581290,60.5,STATE
Merritt Parkway,Connecticut / New York,41.157041,-73.402563,37.5,NSB
Mesa Falls Scenic Byway,Idaho,44.187733,-111.396831,48.9,"USFS, STATE"
Mesalands Scenic Byway,New Mexico,34.980201,-104.114089,378.6,STATE
Meteor Lakes Byway,North Carolina,34.882716,-78.542496,39.5,STATE
Miami & Erie Canal Scenic Byway,Ohio,40.484723,-84.348818,52.7,STATE
Midland Trail,West Virginia,38.052184,-80.979766,115.6,"NSB, STATE"
Midway-Versailles Road (US-62),Kentucky,38.106679,-84.710283,8.4,STATE
Military Trail,New York,44.938592,-74.139264,88.7,STATE
Millbridge Scenic Byway,North Carolina,35.670169,-80.606784,13.6,STATE
Millen-Jenkins County Scenic Byway,Georgia,32.863269,-82.007706,40.2,STATE
Millstone Valley Scenic Byway,New Jersey,40.441536,-74.607452,22.0,STATE
Mingus Mountain Scenic Road,Arizona,34.656397,-112.276413,34.1,STATE
Minnesota River Valley Scenic Byway,Minnesota,44.770354,-95.242398,233.9,"NSB, STATE"
Mirror Lake Scenic Byway - UT Section,Utah / Wyoming,40.712231,-110.978558,54.5,"USFS, STATE"
Mirror Lake Scenic Byway - Wyoming,Wyoming,41.133914,-110.881906,23.2,STATE
Mission Crossing,North Carolina,36.186084,-81.852267,17.5,STATE
Mississippi Delta Great River Road,Mississippi,33.384548,-90.926042,184.8,STATE
Missouri Breaks Back Country Byway,Montana,47.634187,-109.076323,54.5,BLM
Modoc Volcanic Scenic Byway,California,41.552589,-121.722488,90.8,USFS
Mohawk Towpath Byway,New York,42.812711,-73.791861,26.8,"NSB, STATE"
Monroe Street (M125),Michigan,41.919633,-83.399766,6.9,STATE
Monticello Crossroads Scenic Byway,Georgia,33.369737,-83.679172,29.6,STATE
Monument Valley to Bluff Scenic Byway,Utah,37.156020,-109.897262,41.8,STATE
Morgan County Scenic Byway,Ohio,39.633447,-81.882275,31.6,STATE
Mount Baker Highway (Route 542),Washington,48.872220,-122.037558,53.2,"USFS, STATE"
Mount Evans Scenic Byway,Colorado,39.698328,-105.588230,13.1,"USFS, STATE"
Mount Greylock Scenic Byway,Massachusetts,42.631114,-73.175031,17.2,STATE
Mount Magazine Scenic Byway,Arkansas,35.182151,-93.608656,21.8,USFS
Mount Rogers Scenic Byway,Virginia,36.728824,-81.581401,44.9,USFS
Mount Rose Highway,Nevada,39.331699,-119.872374,24.5,STATE
Mountain Gateway Scenic Drive,Arkansas / Oklahoma,34.766516,-94.584838,23.8,STATE
Mountain Loop Scenic Byway,Washington,48.108722,-121.604349,52.2,USFS
Mountain Maryland Byway,Maryland / West Virginia,39.530570,-79.071776,60.0,STATE
Mountain Pass Scenic Drive,Oklahoma,34.639559,-94.649858,27.9,STATE
Mountain Waters Scenic Byway,North Carolina,35.192200,-83.474689,71.7,USFS
Mountains to Sound Greenway - I-90,Washington,47.362889,-121.474587,98.8,"NSB, STATE"
Mt. Carmel Scenic Byway,Utah,37.381115,-112.543683,60.4,STATE
Mt. Charleston Scenic Byway,Nevada,36.335126,-115.525872,39.7,STATE
Mt. Hood Scenic Byway,Oregon,45.413698,-121.905507,97.7,"NSB, STATE"
Mt. Wilson Back Country Byway,Nevada,38.214134,-114.300308,87.9,BLM
Myrtle Creek-Canyonville Tour Route,Oregon,43.001527,-123.052584,65.2,STATE
Nantahala Byway,North Carolina,35.292133,-83.666032,51.9,STATE
Narrow-Gauge Scenic Byway,New Mexico,36.960681,-107.061302,10.5,STATE
Natchez Trace Parkway,Alabama / Mississippi / Tennessee,33.732035,-89.069589,448.7,"NSB, USFS, NPS"
National Historic Seaport,Maryland,39.278185,-76.592476,6.6,STATE
Native American Scenic Byway,North Dakota / South Dakota,44.866335,-100.478878,349.4,NSB
Native Stone Scenic Byway,Kansas,38.945073,-96.102768,48.5,STATE
Nebo Loop Scenic Byway,Utah,39.878079,-111.688157,35.8,"USFS, NSB, STATE"
Nestucca River Back Country Byway,Oregon,45.288069,-123.508054,45.4,BLM
New River Valley Byway,North Carolina,36.345401,-81.503849,33.9,STATE
Nine Mile Canyon Backway,Utah,39.833562,-110.319723,84.3,"BLM, STATE"
North Cascades Scenic Highway,Washington,48.566551,-121.105236,138.0,"USFS, STATE"
North Durham Country Byway,North Carolina,36.179695,-78.878552,30.8,STATE
North Fork Trail,New York,41.119194,-72.338323,13.4,STATE
North Pend Oreille Scenic Byway,Washington,48.848459,-117.387480,25.6,STATE
North Shore Scenic Drive,Minnesota,47.435524,-90.926146,146.2,"NSB, USFS, STATE"
Northwest Louisiana Scenic Byway,Arkansas / Louisiana / Texas,32.823750,-93.429213,236.6,STATE
Northwest Passage Scenic Byway,Idaho / Montana,46.327033,-115.795808,200.0,"NSB, STATE"
Northwestern Turnpike,West Virginia,39.322406,-79.876632,53.3,STATE
Ocmulgee-Piedmont Scenic Byway,Georgia,33.085059,-83.655424,23.5,STATE
Ocoee Scenic Byway,Tennessee,35.098320,-84.566221,36.5,USFS
Ogden River Scenic Byway,Utah,41.381729,-111.558012,59.3,"USFS, STATE"
Ohio & Erie Canalway,Ohio,41.046947,-81.564431,110.9,"NSB, STATE"
Ohio Lincoln Highway Historic Byway,Indiana / Ohio / West Virginia,40.802162,-82.798015,371.7,STATE
Ohio River Scenic Byway,Illinois / Indiana / Ohio,38.562117,-84.686187,880.7,NSB
Okanogan Scenic Byway,Washington,48.529235,-119.534152,71.3,STATE
Old Florida Heritage Highway,Florida,29.529006,-82.266016,47.5,STATE
Old Frankfort Pike,Kentucky,38.108980,-84.656933,19.1,STATE
Old Georgetown Pike,Virginia,38.975568,-77.247459,11.8,STATE
Old Kentucky Turnpike,Kentucky,37.669473,-85.590539,24.6,STATE
Old Mill Stream Scenic Byway,Ohio,40.985471,-83.725057,48.3,STATE
Old Route 7 Byway,West Virginia,39.504827,-79.713649,34.7,STATE
Old Trails Road,Missouri,39.151218,-93.963023,15.3,BLM
Olympic Trail,New York,44.229842,-74.673318,159.4,STATE
Oregon Trail-Bear Lake Scenic Byway,Idaho / Utah,42.649801,-111.400364,111.0,STATE
Oscar Wigington Scenic Byway,North Carolina / South Carolina,34.912872,-83.098396,17.9,USFS
Otter Trail Scenic Byway,Minnesota,46.371471,-95.790230,155.6,STATE
Outback Scenic Byway,Oregon,42.866053,-120.781291,157.7,"NSB, STATE"
Outer Banks Scenic Byway,North Carolina,35.180257,-75.967899,146.3,STATE
Outlaw Trail,Nebraska,42.797045,-98.501447,245.6,STATE
Over the Rivers - Through the Woods Scenic Byway,Oregon,44.394966,-122.491883,66.1,STATE
Owyhee Uplands Back Country Byway - Idaho section,Idaho / Oregon,42.692875,-116.650180,100.8,"BLM, STATE"
Ozark Highlands Scenic Byway,Arkansas,35.737623,-93.422127,35.5,USFS
Pacific Coast Highway - California's Route 1,California,36.094055,-121.036518,794.8,STATE
Pacific Coast Scenic Byway - Oregon,Oregon,44.134200,-124.132886,344.6,"NSB, USFS, STATE"
Pacific Coast Scenic Byway - Washington,Washington,47.451822,-123.706644,357.4,"USFS, STATE"
Pacolet River Byway,North Carolina / South Carolina,35.220121,-82.287672,10.7,STATE
Palisades Interstate Parkway,New Jersey / New York,40.935431,-73.930904,12.2,STATE
Palma Sola Scenic Highway,Florida,27.496751,-82.671985,4.3,STATE
Palms to Pines Scenic Byway,California,33.707022,-116.636395,64.7,USFS
Palouse Scenic Byway,Washington,46.890488,-117.359234,206.9,STATE
Pamlico Scenic Byway,North Carolina,35.565820,-76.298179,116.7,STATE
Panhandle Historic Rivers Passage Scenic Byway,Idaho / Washington,48.200679,-116.790517,28.6,STATE
Parker Dam Road,Arizona,34.382497,-114.174018,15.1,BLM
Parks Highway,Alaska,63.021422,-149.576445,147.1,STATE
Patagonia-Sonoita Scenic Road,Arizona,31.660171,-110.739451,55.7,STATE
Paul Bunyan Scenic Byway,Minnesota,46.672757,-94.228390,53.6,"NSB, STATE"
Pawnee Pioneer Trails,Colorado,40.651143,-103.949052,142.4,STATE
Payette River Scenic Byway,Idaho,44.349221,-116.127358,111.5,"NSB, STATE"
Peak to Peak Scenic and Historic Byway,Colorado,40.076489,-105.504501,60.1,"USFS, STATE"
Pee Dee Valley Drive,North Carolina,35.317041,-80.117763,15.0,STATE
Pend Oreille Scenic Byway,Idaho,48.225868,-116.298314,33.1,"NSB, STATE"
Pend Oreille Valley Scenic Byway,Idaho / Washington,48.401027,-117.265529,46.9,STATE
Pensacola Scenic Bluffs Highway,Florida,30.487242,-87.170661,9.7,STATE
Perquiman's Crossing,North Carolina,36.189174,-76.467080,3.9,STATE
Peter Norbeck Scenic Byway,South Dakota,43.824544,-103.476096,67.7,"USFS, NSB, STATE"
Pig Trail Scenic Byway,Arkansas,35.711275,-93.813500,17.1,USFS
Pine Mountain Road,Kentucky,36.981743,-83.010486,43.5,STATE
Pioneer Historic Byway,Idaho,42.635196,-111.581825,115.7,"NSB, STATE"
Pioneer Mountains Scenic Byway,Montana,45.581478,-113.067859,36.7,USFS
Pisgah Pike Scenic Byway,Kentucky,38.046386,-84.615899,12.8,STATE
Platte River Scenic Trails,Nebraska,40.978331,-100.315128,93.3,STATE
Ponderosa Pine Scenic Byway,Idaho,44.001487,-115.555714,125.2,STATE
Pony Express Trail National Back Country Byway,Utah,40.004810,-113.095702,137.8,"BLM, STATE"
Post Rock Scenic Byway,Kansas,38.951929,-98.495679,15.5,STATE
Potash-Lower Colorado River Scenic Byway (U-279),Utah,38.559176,-109.622181,15.2,STATE
Pottery Road,North Carolina,35.432402,-79.645186,25.2,STATE
Prairie Trail Scenic Byway,Kansas,38.566037,-97.707622,55.4,STATE
Promised Land Scenic Byway,Louisiana,30.214287,-91.817211,106.8,STATE
Provo Canyon Scenic Byway,Utah,40.414391,-111.523101,24.9,STATE
Puye Cliffs Scenic Byway,New Mexico,35.959638,-106.173890,7.1,STATE
Pyramid Lake Scenic Byway,Nevada,39.824710,-119.423774,43.0,"NSB, STATE"
Quartzville Road Back Country Byway,Oregon,44.543758,-122.320685,47.5,BLM
Quebradas Back Country Byway,New Mexico,34.042371,-106.787759,27.5,"BLM, BLM"
Ramona Expressway,California,33.832464,-117.106415,18.4,BLM
Red Clay Valley Scenic Byway,Delaware,39.797067,-75.643621,40.3,STATE
Red Gulch/Alkali National Back Country Byway,Wyoming,44.398664,-107.676473,34.0,"BLM, STATE"
Red River Gorge Scenic Byway,Kentucky,37.802500,-83.678278,45.0,"NSB, STATE"
Red Rock Canyon Back Country Byway,Nevada,36.098776,-115.407839,15.5,BLM
Red Rock Canyon Road,Nevada,36.118050,-115.443265,19.9,STATE
Red Rock Scenic Byway,Arizona,34.772168,-111.770152,9.8,"NSB, STATE"
Rendezvous Region Backway,North Dakota,48.906702,-97.973476,17.2,STATE
Revolutionary Trail,New York,43.127209,-75.072866,138.8,STATE
Rich Mountain Backway,West Virginia,38.786311,-79.866682,14.6,STATE
Richardson Highway,Alaska,62.794475,-145.813589,353.3,STATE
Ridge and Valley Scenic Byway,Georgia,34.540522,-85.168002,53.5,"USFS, STATE"
Rim of the World Scenic Byway,California,34.221280,-117.056043,97.3,USFS
River Bluffs Scenic Byway,Iowa,42.888181,-91.496812,113.2,STATE
River Heritage Tour,New Hampshire,43.905439,-71.850626,61.7,STATE
River Road,Kentucky,38.295386,-85.680282,10.3,STATE
River Road Scenic Byway,Arkansas / Louisiana / Michigan,31.953089,-90.620315,404.1,"USFS, NSB"
Riverboat Row Scenic Byway,Kentucky,39.095780,-84.496202,1.2,STATE
Roanoke Voyages Corridor,North Carolina,35.912307,-75.678370,9.7,STATE
Rogue-Coquille Scenic Byway,Oregon,42.742910,-124.136494,91.3,USFS
Rogue-Umpqua Scenic Byway,Oregon,43.033586,-122.650681,163.0,"USFS, NSB, STATE"
Rolling Kansas Byway,North Carolina,35.421387,-80.307721,10.7,STATE
Roosevelt-Marcy Trail,New York,43.901650,-74.126045,40.2,STATE
Roots and Tides Byway,Maryland,38.869100,-76.583814,46.4,STATE
Route 1 - Big Sur Coast Highway,California,36.162978,-121.682719,75.0,"NSB, STATE"
Route 1 - San Luis Obispo North Coast Byway,California,35.522206,-121.025435,58.1,"NSB, STATE"
Route 101--Redwood Highway,California,41.669144,-124.117250,10.8,STATE
"Route 108, The Smugglers Notch Road - Scenic Route",Vermont,44.544849,-72.771849,17.3,STATE
Route 116--Sonoma County,California,38.464870,-122.967609,25.6,STATE
Route 12--Valley of the Moon Highway,California,38.392112,-122.553908,21.0,STATE
"Route 125, The Middlebury Gap Road - Scenic Route",Vermont,43.948004,-72.975302,15.6,STATE
Route 125--Lemon Grove,California,32.752106,-117.009681,7.6,STATE
"Route 131, Cavendish Road - Scenic Route",Vermont,43.393039,-72.579596,8.8,STATE
Route 140--Mariposa County,California,37.646457,-119.827485,44.0,STATE
Route 151--Shasta Dam Boulevard,California,40.691848,-122.398021,7.0,STATE
Route 152--Pacheco Pass Road,California,37.076385,-121.098453,15.4,STATE
Route 154--San Marcos Pass Road,California,34.565422,-119.941830,32.1,STATE
Route 156--Monterey County,California,36.778842,-121.707200,4.7,STATE
Route 160--River Road,California,38.236343,-121.598634,47.8,STATE
Route 163--Cabrillo Freeway,California,32.733343,-117.155717,1.4,STATE
Route 20 Scenic Byway,New York,42.853962,-75.134204,107.9,STATE
Route 24--Alameda County,California,37.883491,-122.154747,10.1,STATE
Route 280--Father Junipero Serra Freeway,California,37.506149,-122.324862,21.5,STATE
Route 35--Skyline Boulevard,California,37.315516,-122.186958,38.9,STATE
Route 395--Inyo County,California,36.689730,-118.155693,129.1,STATE
Route 395--Mono County,California,38.042446,-119.135671,119.5,STATE
Route 50--El Dorado County,California,38.789478,-120.337424,59.9,STATE
Route 580--MacArthur Freeway,California,37.773155,-122.182796,12.0,STATE
Route 62--Twentynine Palms Highway,California,33.976127,-116.588257,8.7,STATE
Route 68--Monterey County,California,36.589650,-121.757150,15.4,STATE
Route 680--Alameda County,California,37.627460,-121.899930,15.0,STATE
Route 680--Contra Costa County,California,37.815275,-122.001589,14.4,STATE
Route 74,California,33.676865,-116.719238,68.0,STATE
Route 78--Anza-Borrego Desert State Park Road,California,33.176618,-116.300217,140.0,STATE
Route 9 Coastal Heritage Scenic Byway,Delaware,39.429793,-75.557671,55.8,STATE
Route 9--Saratoga-Los Gatos Road,California,37.249680,-122.050363,10.4,STATE
Route 91--Riverside Freeway,California,33.863488,-117.751220,9.6,STATE
Routes 5 & 580--West Side Freeway,California,37.432375,-121.225978,59.5,STATE
Rushing Rapids Parkway,Minnesota,46.662637,-92.344795,9.7,STATE
Russell-Brasstown National Scenic Byway,Georgia,34.778831,-83.796221,40.9,"USFS, NSB, STATE"
Sacajawea Historic Byway,Idaho,44.410100,-113.108202,135.6,STATE
Sakakawea Scenic Byway,North Dakota,47.264359,-101.218776,22.5,STATE
Saline Valley Road Back Country Byway,California,36.784616,-117.837840,93.8,BLM
Salmon River Scenic Byway,Idaho,44.791470,-114.185270,161.4,STATE
Salt Missions Trail,New Mexico,34.730612,-106.209873,153.3,STATE
San Bernardo Scenic Byway,Louisiana,29.973469,-90.069250,3.0,STATE
San Francisco Peaks Scenic Road,Arizona,35.444269,-111.828035,39.8,STATE
San Juan Skyway,Colorado,37.678100,-108.002312,235.3,"NSB, USFS, STATE"
Sandhills Journey,Nebraska,41.701752,-100.542975,274.4,STATE
Sandhills Scenic Drive,North Carolina,35.354682,-79.807860,49.6,STATE
Sandia Crest Byway,New Mexico,35.211943,-106.429745,5.5,"USFS, STATE"
Santa Fe National Forest Scenic Byway,New Mexico,35.736506,-105.858489,14.3,"USFS, STATE"
Santa Fe Trail,Colorado / New Mexico,36.745107,-104.166145,543.7,NSB
Savannah River Scenic Byway,South Carolina,34.148371,-82.560084,107.2,"NSB, STATE"
Sawtooth Scenic Byway,Idaho,43.643721,-114.522820,115.5,"USFS, STATE"
Scenic Byway 12,Utah,37.825100,-111.693231,124.7,"NSB, USFS, STATE"
Scenic Olentangy Heritage Corridor,Ohio,40.182776,-83.050280,10.7,STATE
Scenic Route 90,New York,42.739756,-76.549140,52.2,STATE
Seaway Trail,New York / Pennsylvania,43.404117,-77.580430,508.0,"NSB, STATE"
Sedona-Oak Creek Canyon Scenic Road,Arizona,34.958186,-111.740512,12.3,STATE
Selma to Montgomery March Byway,Alabama,32.305327,-86.658683,50.0,"NSB, STATE"
Seminoe to Alcova Scenic Backway,Wyoming,42.162356,-106.893147,71.1,STATE
Seward Highway,Alaska,60.740864,-149.399991,126.3,"NSB, USFS, STATE"
Shakertown Road,Kentucky,37.831501,-84.743529,38.9,STATE
Shawangunk Mountains Scenic Byway,New York,41.709111,-74.226333,87.3,STATE
Sherman Pass Scenic Byway,Washington,48.607559,-118.402800,42.9,"USFS, STATE"
Sheyenne River Valley Scenic Byway,North Dakota,46.708779,-97.944124,76.3,"NSB, STATE"
Sierra Heritage Scenic Byway (Route 168),California,37.109505,-119.317768,82.4,USFS
Sierra Vista Scenic Byway,California,37.379393,-119.408157,80.5,USFS
Silver Falls Tour Route,Oregon,44.934797,-122.761685,47.8,STATE
Silver Island Mountain National Back Country Byway,Utah,40.896442,-113.851210,55.4,"BLM, STATE"
Silver Thread Scenic Byway,Colorado,37.834067,-107.022511,71.4,"USFS, STATE"
Sky Island Scenic Byway,Arizona,32.358926,-110.725087,29.9,"USFS, NSB, STATE"
Skyline Drive,Virginia,38.480239,-78.477752,104.4,"NSB, NPS"
Skyline Parkway Scenic Byway,Minnesota,46.772085,-92.140329,23.1,STATE
Smith River Scenic Byway,California,41.865824,-123.913181,34.9,USFS
Smithsonian Butte National Back Country Byway,Utah,37.126769,-113.080773,9.3,"BLM, STATE"
Smoky Valley Scenic Byway,Kansas,38.786202,-99.815562,59.9,STATE
Snake River Canyon Scenic Byway,Idaho / Oregon,43.592824,-116.826114,51.7,STATE
Snake River-Mormon Basin Back Country Byway,Oregon,44.614122,-117.481224,147.9,BLM
Snowy Range Scenic Byway,Wyoming,41.335219,-106.344117,28.4,"USFS, STATE"
South Big Horn/Red Wall Scenic Backway,Wyoming,43.258468,-106.894943,82.4,STATE
South Fork John Day River Back Country Byway,Oregon,44.003657,-119.383550,86.9,BLM
South Fork-Alsea River Back Country Byway,Oregon,44.330533,-123.491985,17.8,BLM
South Fulton Scenic Byway,Georgia,33.566509,-84.743556,27.2,STATE
South Mountain Scenery,North Carolina,35.536438,-81.787966,37.2,STATE
South Platte River Trail,Colorado,40.958495,-102.320240,18.4,STATE
Southern Adirondack Trail,New York,43.252438,-74.828823,92.4,STATE
Southern Pinelands Natural Heritage Trail,New Jersey,39.451141,-74.709737,122.3,STATE
Spearfish Canyon Scenic Byway,South Dakota,44.404083,-103.886999,21.4,"USFS, STATE"
Spirit Lake Memorial Highway,Washington,46.327101,-122.562470,43.9,"USFS, STATE"
St. Croix Scenic Byway,Minnesota,45.475517,-92.830374,122.6,STATE
St. Francis Scenic Byway,Arkansas,34.656212,-90.662551,24.2,USFS
St. Joe River Scenic Byway,Idaho,47.253376,-115.888074,88.6,STATE
St. Regis-Paradise Scenic Byway,Montana,47.326845,-114.922965,22.0,USFS
Star-Spangled Banner Byway,District of Columbia / Maryland,39.103500,-76.783346,31.9,STATE
State of Jefferson Scenic Byway,California / Oregon,41.877537,-123.157035,108.0,USFS
Staunton-Parkersburg Turnpike,West Virginia,38.940366,-80.480045,172.7,"NSB, STATE"
Steens Loop Tour Route,Oregon,42.709197,-118.759630,55.7,STATE
Steens Mountain Back Country Byway,Oregon,42.709197,-118.759630,55.7,BLM
Steese Highway,Alaska,65.475383,-148.640570,124.9,STATE
Sterling Highway - Anchor Point to Homer,Alaska,59.674519,-151.621208,21.4,STATE
Sterling Highway - Wye to Skilak,Alaska,60.497666,-149.827581,21.3,STATE
Stevens Pass Greenway,Washington,47.733845,-121.195848,126.8,"USFS, NSB, STATE"
Strait of Juan de Fuca Highway - SR 112,Washington,48.197720,-124.060759,60.9,"NSB, STATE"
Sugar Camp Scenic Byway,Missouri,36.578981,-93.806998,27.0,USFS
Suncoast Scenic Parkway,Florida,28.401881,-82.515007,42.1,NPS
Sunrise Scenic Byway,California,32.899962,-116.480141,24.2,USFS
Sunspot Scenic Byway,New Mexico,32.873859,-105.777886,16.1,"USFS, STATE"
Superior National Forest Scenic Byway,Minnesota,47.402232,-91.751768,61.4,STATE
Swift Trail Parkway,Arizona,32.672096,-109.843210,32.6,STATE
Swift Water Corridor,Washington,47.168846,-120.859216,25.1,STATE
Sylamore Scenic Byway,Arkansas,35.998308,-92.141172,26.7,USFS
Talladega Scenic Drive,Alabama,33.510907,-85.769718,31.4,"USFS, NSB, STATE"
Tamiami Trail Scenic Highway,Florida,25.912742,-81.292604,56.2,"NSB, STATE"
Tappan-Moravian Trail Scenic Byway,Ohio,40.344125,-81.124877,56.1,STATE
Tar Heel Trace,North Carolina,35.822333,-77.481824,54.7,STATE
Taylor Top-of-the-World Highway,Alaska,63.874878,-141.941194,105.1,STATE
Teton Scenic Byway,Idaho,43.774474,-111.240384,69.1,"USFS, STATE"
Texas Forest Trail,Texas,31.582756,-94.917169,834.4,STATE
Texas Forts Trail,Texas,32.041240,-99.290463,696.2,STATE
Texas Hill Country Trail,Texas,29.965611,-98.809350,637.2,STATE
Texas Independence Trail,Texas,29.421374,-96.625095,741.9,STATE
Texas Lakes Trail,Texas,32.843648,-96.716038,659.5,STATE
Texas Mountain Trail,Texas,30.705294,-104.657879,708.3,STATE
Texas Pecos Trail,Texas,30.600863,-101.632915,717.0,STATE
Texas Plains Trail,Texas,34.428314,-101.752801,721.9,STATE
Texas Tropical Trail,Texas,27.114361,-98.050247,707.1,STATE
The Loneliest Road in America,Nevada,39.335087,-116.367046,322.6,STATE
The Real French Destination Scenic Byway,Louisiana,30.354491,-92.095883,13.6,STATE
The Ridge Scenic Highway,Florida,27.906786,-81.576370,37.9,STATE
Theodore Roosevelt National Park North Unit Byway,North Dakota,47.601161,-103.318659,8.2,STATE
Thousand Springs Scenic Byway,Idaho,42.658279,-114.682051,65.3,STATE
Tioga Road/Big Oak Flat Road,California,37.824389,-119.590456,55.2,"USFS, NSB, STATE"
Toledo Bend Forest Scenic Byway,Louisiana,31.398841,-93.382304,355.0,STATE
Top of the Rockies,Colorado,39.333774,-106.298181,74.7,"NSB, STATE"
Trail Ridge Road/Beaver Meadow Road,Colorado,40.387889,-105.706530,53.3,"NSB, NPS"
Trail of the Ancients,Arizona / Colorado / New Mexico / Utah,36.465735,-108.721352,945.2,NSB
Trail of the Mountain Spirits Scenic Byway,New Mexico,32.937463,-108.139505,90.9,"USFS, NSB, STATE"
Transcontinental Railroad Back Country Byway,Nevada / Utah,41.541914,-113.457919,72.3,STATE
Trinity Heritage Scenic Byway,California,41.140226,-122.727788,85.2,USFS
Trinity Scenic Byway,California,40.783849,-123.277538,134.4,USFS
Tunica Trace Scenic Byway,Louisiana,30.924698,-91.466550,19.0,STATE
Turquoise Trail,New Mexico,35.305730,-106.243657,60.6,"USFS, NSB, STATE"
Turtle Mountain Byway,North Dakota,48.946625,-99.962893,32.0,STATE
US 68 Scenic Byway,Kentucky,37.141419,-86.357929,303.4,STATE
Unaweep/Tabeguache Scenic and Historic Byway,Colorado,38.473860,-108.628318,130.7,STATE
Upper Colorado River Scenic Byway (U-128),Utah,38.744381,-109.396171,41.7,STATE
Upper Delaware Scenic Byway (Route 97),New York,41.644128,-75.004684,69.4,STATE
Upper Freehold Historic Farmland Byway,New Jersey,40.154306,-74.522762,24.6,STATE
Upper Yadkin Way,North Carolina,36.045909,-81.447748,18.7,STATE
Uwharrie Scenic Road,North Carolina,35.521742,-80.189753,47.4,STATE
Valley of Fire State Park Roadways,Nevada,36.420547,-114.523004,10.4,STATE
Veterans Evergreen Memorial Drive,Minnesota / Wisconsin,46.417416,-92.515480,49.6,STATE
Viaduct Valley Way Scenic Byway,Pennsylvania,41.728791,-75.691677,40.2,STATE
Volcanic Legacy Scenic Byway,California / Oregon,41.433714,-121.681768,500.4,NSB
Wally Road Scenic Byway,Ohio,40.577115,-82.214625,8.1,STATE
Washington Heritage Trail,West Virginia,39.464021,-78.092390,130.6,"NSB, STATE"
Waterfall Byway,North Carolina,35.095085,-83.417164,96.5,STATE
Waters of the Dancing Sky Scenic Byway,Minnesota,48.703006,-94.812264,182.4,STATE
Welsh Scenic Byway,Ohio,38.972522,-82.488323,44.6,STATE
West Cascades Scenic Byway,Oregon,44.490426,-122.101656,192.3,"USFS, NSB, STATE"
West Elk Loop,Colorado,38.783566,-107.315577,198.5,"USFS, STATE"
Western Heritage Historic Byway,Idaho,43.402556,-116.401036,28.1,"NSB, STATE"
Western Skies Scenic Byway,Iowa,41.660350,-95.148597,132.6,STATE
Western Trails Scenic and Historic Byway,Nebraska / Wyoming,41.573974,-102.812733,215.8,STATE
Wetlands Cultural Trail,Louisiana,29.589025,-90.602768,330.9,STATE
Wetlands and Wildlife Scenic Byway,Kansas,38.268135,-98.623951,77.3,NSB
Whidbey Island Scenic Byway,Washington,48.166279,-122.591725,47.5,STATE
White Mountain Scenic Road,Arizona,33.702648,-109.469463,135.4,"USFS, STATE"
White Pass Scenic Byway,Washington,46.600792,-121.770359,122.5,"USFS, STATE"
White Pine Scenic Byway,Idaho,47.219680,-116.622110,82.4,STATE
White River Scenic Road,Arizona,34.041672,-109.580370,106.3,STATE
Whitefish Bay Scenic Byway,Michigan,46.452900,-84.740043,42.0,USFS
Whitewater Way,North Carolina,35.070691,-82.994590,9.0,STATE
Wichita Mountains Scenic Byway,Oklahoma,34.833973,-98.576563,89.3,STATE
Wild Horse Canyon Scenic Backcountry Byway,California,35.079652,-115.431337,11.8,BLM
Wild Horse Trail Scenic Byway,Idaho,48.664914,-116.409716,59.5,STATE
Wild Rivers Back Country Scenic Byway,New Mexico,36.717419,-105.666711,19.8,BLM
Wilderness Road Heritage Highway,Kentucky / Tennessee,37.072832,-84.020923,98.5,"NSB, STATE"
Wildlife Canyon Scenic Byway,Idaho,44.076185,-115.859384,33.5,STATE
Wildlife Loop Road Scenic Byway,South Dakota,43.768508,-103.426789,12.0,STATE
William Bartram Scenic and Historic Trail,Florida,30.039526,-81.620838,17.3,STATE
Windows to the Gulf Coast Waters (Tamiami Trail),Florida,27.274660,-82.469748,58.8,STATE
Woodward Avenue (M-1),Michigan,42.487571,-83.164900,25.0,"NSB, NPS, STATE"
Wyoming Centennial Scenic Byway,Wyoming,43.445904,-110.299467,162.5,"USFS, STATE"
Yakama Scenic Byway,Washington,46.036724,-120.596232,58.2,STATE
Yakima River Canyon,Washington,46.802636,-120.487124,37.0,STATE
Yuba-Donner Scenic Byway,California,39.433547,-120.662691,153.4,"USFS, STATE"
Zilpo Road,Kentucky,38.065575,-83.559481,6.1,USFS
Zion Park Scenic Byway (U-9),Utah,37.195810,-113.108747,64.1,STATE
Zydeco Cajun Prairie Scenic Byway,Louisiana,30.536722,-92.205898,276.2,STATE
